Timestamp,Variant,Actual Epochs,Actual Batch Size,Elapsed Time (s),Actual Acc (%),Paper Acc Study2 (%),Paper Acc Study1 (%)
2026-07-17 20:36:37,base,30,32,60.1,34.78,84.96,82.02
2026-07-17 21:31:58,base,30,32,59.5,47.83,84.96,82.02
2026-07-18 03:44:36,base,30,32,59.6,47.83,84.96,82.02
2026-07-19 13:13:13,base,30,32,67.1,56.52,84.96000000000001,82.02000000000001
2026-07-19 13:18:59,base,30,32,64.8,50.0,84.96000000000001,82.02000000000001
2026-07-19 13:33:21,base,30,32,64.0,60.87,84.96000000000001,82.02000000000001
2026-07-19 13:35:06,base,30,32,64.0,52.17,84.96000000000001,82.02000000000001
2026-07-19 13:44:49,base,30,32,61.4,52.17,84.96000000000001,82.02000000000001
2026-07-19 13:48:09,base,30,32,59.5,39.13,84.96000000000001,82.02000000000001
2026-07-19 22:03:40,base,30,32,64.7,43.48,84.96000000000001,82.02000000000001
2026-07-19 22:20:14,base,30,32,64.1,50.0,84.96000000000001,82.02000000000001
2026-07-20 09:34:36,base,30,32,65.7,45.65,84.96000000000001,82.02000000000001
2026-07-20 09:36:03,base,30,32,64.6,48.89,84.96000000000001,82.02000000000001
2026-07-20 10:59:12,variant1,1,32,106.4,36.96,88.25,85.75
2026-07-20 11:48:42,variant1,30,32,2849.0,52.17,88.25,85.75
2026-07-20 14:52:04,variant1,30,32,2861.5,41.3,88.25,85.75
2026-07-20 16:28:04,variant2,1,32,52.4,17.39,90.28,88.75999999999999
2026-07-20 17:01:33,variant2,30,32,1870.0,47.83,90.28,88.75999999999999
2026-07-20 18:23:24,variant1,1,64,230.5,36.96,88.25,85.75
2026-07-20 19:51:11,variant1,6,64,1277.7,36.96,88.25,85.75
2026-07-20 20:16:11,variant1,7,64,1474.6,17.39,88.25,85.75
2026-07-20 22:05:05,variant1,18,64,3805.6,45.65,88.25,85.75
2026-07-20 23:11:42,variant1,19,64,3970.8,52.17,88.25,85.75
2026-07-21 00:19:17,base,15,32,32.1,45.65,84.96000000000001,82.02000000000001
2026-07-21 00:19:53,base,15,32,32.2,45.65,84.96000000000001,82.02000000000001
2026-07-21 00:53:43,variant2,30,32,1796.2,32.61,90.28,88.75999999999999
2026-07-21 01:23:09,variant2,30,32,1761.4,41.3,90.28,88.75999999999999
2026-07-21 10:06:10,base,30,64,1097.4,52.17,84.96000000000001,82.02000000000001
2026-07-21 10:24:20,base,30,64,1085.6,43.48,84.96000000000001,82.02000000000001
2026-07-21 12:11:11,variant2,30,64,6403.9,26.09,90.28,88.75999999999999
2026-07-21 13:55:09,variant2,30,64,6230.8,30.43,90.28,88.75999999999999
2026-07-21 16:05:29,variant1_untuned,1,64,206.7,47.83,85.75,85.75
2026-07-21 17:40:15,variant1_untuned,30,64,4964.5,54.35,85.75,85.75
2026-07-21 20:57:19,variant1,30,64,6049.4,56.52,88.25,85.75
2026-07-21 22:21:10,variant3,1,32,42.3,36.96,93.41000000000001,89.42999999999999
2026-07-21 22:59:37,variant3,30,32,1233.6,45.65,93.41000000000001,89.42999999999999
2026-07-21 23:43:41,base,30,64,968.6,52.17,84.96000000000001,82.02000000000001
2026-07-22 01:18:33,variant2,30,64,5684.5,26.09,90.28,88.75999999999999
